code,description,priceTRY,changePercentageDaily,changePercentage1Month,changePercentage3Months,changePercentage6Months,changePercentage12Months
TTA,İŞ PORTFÖY ALTIN FONU,0.60219,0.116211,-3.8838,5.1502,-6.1721,7.3273
YKT,YAPI KREDİ PORTFÖY ALTIN FONU,0.851851,0.083888,-4.6251,5.569,-6.0399,13.13
GGK,INVEO PORTFÖY ALTIN FON,13.47105,0.094908,-4.0866,6.0889,-5.4213,12.6727
OTJ,OYAK PORTFÖY KIYMETLİ MADENLER KATILIM FON SEPETİ FONU,6.769817,-0.528579,-7.5736,5.8042,-10.0783,24.4065
ZCN,ZİRAAT PORTFÖY EMTİA FON SEPETİ FONU,4.038213,-0.014782,-2.9428,9.7243,8.3518,32.3634
AES,AK PORTFÖY PETROL YABANCI BYF FON SEPETİ FONU,0.210686,1.418607,7.506,34.3935,39.7984,112.9906
IIH,İSTANBUL PORTFÖY ÜÇÜNCÜ HİSSE SENEDİ FONU (HİSSE SENEDİ YOĞUN FON),31.446605,0.498282,-7.5202,-2.3531,-2.1692,20.7845
TI2,İŞ PORTFÖY HİSSE SENEDİ (TL) FONU (HİSSE SENEDİ YOĞUN FON),0.11996,0.038361,-7.6001,-4.2427,-7.5275,15.0982
SAS,AK PORTFÖY SABANCI TOPLULUĞU ŞİRKETLERİ ENDEKSİ HİSSE SENEDİ (TL) FONU (HİSSE SENEDİ YOĞUN FON),1.52226,0.016754,-7.8996,-2.98,-8.0208,16.7252
YAS,YAPI KREDİ PORTFÖY KOÇ HOLDİNG İŞTİRAK VE HİSSE SENEDİ FONU(HİSSE SENEDİ YOĞUN FON),14.562612,0.908366,-5.3704,4.3338,-1.4711,10.1016
TI3,İŞ PORTFÖY İŞ BANKASI İŞTİRAKLERİ ENDEKSİ HİSSE SENEDİ (TL) FONU (HİSSE SENEDİ YOĞUN FON),0.101554,-0.220087,-14.0153,-12.4172,-15.7207,0.794
IVY,İSTANBUL PORTFÖY BLOCKCHAIN TEKNOLOJİLERİ DEĞİŞKEN FON,6.42247,-1.112929,0.6758,9.4395,36.8278,19.9198
YTD,YAPI KREDİ PORTFÖY YABANCI FON SEPETİ FONU,1.030293,0.522373,3.8834,12.6573,36.5314,39.4349
YAY,YAPI KREDİ PORTFÖY YABANCI TEKNOLOJİ SEKTÖRÜ HİSSE SENEDİ FONU,2014.723385,-0.095255,5.9097,11.0847,49.3047,65.6342
OJT,QNB PORTFÖY TEKNOLOJİ FON SEPETİ FONU,13.526108,-0.190968,3.2745,9.5009,37.691,50.5593
DBH,DENİZ PORTFÖY EUROBOND (DÖVİZ) BORÇLANMA ARAÇLARI FONU,0.387467,0.115239,-0.3257,4.1497,11.518,21.9927
TI1,İŞ PORTFÖY PARA PİYASASI (TL) FONU,1749.470059,0.105769,2.9446,9.9428,20.9925,45.5302
AC4,PARDUS PORTFÖY PARA PİYASASI (TL) FON,0.002185,-99.947992,-99.9465,-99.9427,-99.9365,-99.9226
TZL,ZİRAAT PORTFÖY PARA PİYASASI (TL) FONU,0.14499,0.104945,2.9539,9.8925,21.146,45.8153
TP2,TERA PORTFÖY PARA PİYASASI (TL) FONU,0,,0,0,0,0
